CREATE TABLE TITULO (
    COD_TITULO SERIAL PRIMARY KEY, 
    NOME_TITULO VARCHAR(100), 
    DESC_TITULO VARCHAR(100)
);

CREATE TABLE LIVRO (
    COD_LIVRO SERIAL PRIMARY KEY, 
    COD_TITULO INT, 
    VALOR_LIVRO INT,
    QTD_ESTOQUE INT,
    FOREIGN KEY (COD_TITULO) REFERENCES TITULO(COD_TITULO)
);

CREATE TABLE FORNECEDOR (
    COD_FORNECEDOR SERIAL PRIMARY KEY, 
    NOME_FORNECEDOR VARCHAR(100),
    FONE_FORNECEDOR VARCHAR(100)
);

CREATE TABLE PEDIDO (
    COD_PEDIDO SERIAL PRIMARY KEY, 
    COD_FORNECEDOR INT, 
    HORA_PEDIDO TIME,
    DATA_PEDIDO DATE,
    VALOR_TOTAL_PEDIDO INT,
    FOREIGN KEY (COD_FORNECEDOR) REFERENCES FORNECEDOR(COD_FORNECEDOR)
);

CREATE TABLE ITEM_PEDIDO (
    COD_ITEM_PEDIDO SERIAL PRIMARY KEY, 
    COD_PEDIDO INT, 
    COD_LIVRO INT,
    FOREIGN KEY (COD_PEDIDO) REFERENCES PEDIDO(COD_PEDIDO),
    FOREIGN KEY (COD_LIVRO) REFERENCES LIVRO(COD_LIVRO)
);

CREATE TABLE CONTROLE_DE_ALTERACAO (
    OPERACAO VARCHAR(1),
    DATA_HORA TIMESTAMP,
    USUARIO_QUE_ALTEROU VARCHAR(100),
    COD_ANTIGO INT, 
    COD_NOVO INT,
    ESTOQUE_ANTIGO INT,
    ESTOQUE_NOVO INT
);

INSERT INTO TITULO (NOME_TITULO, DESC_TITULO) VALUES
('O Senhor dos Anéis', 'Fantasia épica'),
('1984', 'Distopia totalitária'),
('A Revolução dos Bichos', 'Fábula política'),
('Dom Quixote', 'Romance clássico'),
('Harry Potter e a Pedra Filosofal', 'Fantasia juvenil');

INSERT INTO LIVRO (COD_TITULO, VALOR_LIVRO, QTD_ESTOQUE) VALUES
(1, 100, 50),
(2, 50, 30),
(3, 40, 20),
(4, 80, 15),
(5, 90, 25);

INSERT INTO FORNECEDOR (NOME_FORNECEDOR, FONE_FORNECEDOR) VALUES
('Editora A', '1234-5678'),
('Editora B', '2345-6789'),
('Editora C', '3456-7890'),
('Editora D', '4567-8901'),
('Editora E', '5678-9012');

INSERT INTO PEDIDO (COD_FORNECEDOR, HORA_PEDIDO, DATA_PEDIDO, VALOR_TOTAL_PEDIDO) VALUES
(1, '10:30:00', '2025-04-01', 500),
(2, '11:00:00', '2025-04-02', 300),
(3, '14:45:00', '2025-04-03', 200),
(4, '09:15:00', '2025-04-04', 400),
(5, '16:00:00', '2025-04-05', 600);

INSERT INTO ITEM_PEDIDO (COD_PEDIDO, COD_LIVRO) VALUES
(1, 1),
(1, 2),
(2, 3),
(3, 4),
(4, 5);

CREATE OR REPLACE FUNCTION V()
RETURN TRIGGER AS $$
BEGIN IF TG_OP = 'INSERT' THEN 
UPDATE LIVRO SET QTD_ESTOQUE = QTD_ESTOQUE - NEW.QUANT WHERE COD_LIVRO = NEW.COD_LIVRO;

UPDATE PEDIDO SET 
ELSIF TG_OP == 'DELETE' THEN 
ELSIF TG_OP == 'UPDATE' THEN 

-- NEW/OLD SÓ FUNCIONAM PARA CADA LINHA (ROW), NEW/OLD FICA NULA PARA CADA INSTRUÇÃO